{
  "DEFAULT": [
    "Gloss paint white",
    "Gloss paint white",
    "Gloss paint white",
    "Aluminium",
    "Chrome",
    "Inox",
    "Granite black",
    "Granite grey",
    "Glass",
    "Glass dark opaque",
    "Plastic black",
    "Hood filter",
    "powder-coated paint "
  ],
  "RED BLACK": [
    "Gloss paint red",
    "Gloss paint black",
    "Gloss paint white",
    "Aluminium",
    "Chrome",
    "Inox",
    "Granite black",
    "Granite grey",
    "Glass",
    "Glass dark opaque",
    "Plastic black",
    "Hood filter",
    "powder-coated paint "
  ],
  "WHITE": [
    "Gloss paint white",
    "Gloss paint white",
    "Gloss paint white",
    "Aluminium",
    "Chrome",
    "Inox",
    "Granite black",
    "Granite grey",
    "Glass",
    "Glass dark opaque",
    "Plastic black",
    "Hood filter",
    "powder-coated paint "
  ],
  "RED": [
    "Gloss paint red",
    "Gloss paint red",
    "Gloss paint white",
    "Aluminium",
    "Chrome",
    "Inox",
    "Granite black",
    "Granite grey",
    "Glass",
    "Glass dark opaque",
    "Plastic black",
    "Hood filter",
    "powder-coated paint "
  ],
  "BLACK": [
    "Gloss paint black",
    "Gloss paint black",
    "Gloss paint white",
    "Aluminium",
    "Chrome",
    "Inox",
    "Granite black",
    "Granite grey",
    "Glass",
    "Glass dark opaque",
    "Plastic black",
    "Hood filter",
    "powder-coated paint "
  ],
  "GREEN": [
    "Gloss paint green",
    "Gloss paint green",
    "Gloss paint white",
    "Aluminium",
    "Chrome",
    "Inox",
    "Granite black",
    "Granite grey",
    "Glass",
    "Glass dark opaque",
    "Plastic black",
    "Hood filter",
    "powder-coated paint "
  ],
  "GREY": [
    "Gloss paint grey",
    "Gloss paint grey",
    "Gloss paint white",
    "Aluminium",
    "Chrome",
    "Inox",
    "Granite black",
    "Granite grey",
    "Glass",
    "Glass dark opaque",
    "Plastic black",
    "Hood filter",
    "powder-coated paint "
  ],
  "BLUE": [
    "Gloss paint blue",
    "Gloss paint blue",
    "Gloss paint white",
    "Aluminium",
    "Chrome",
    "Inox",
    "Granite black",
    "Granite grey",
    "Glass",
    "Glass dark opaque",
    "Plastic black",
    "Hood filter",
    "powder-coated paint "
  ],
  "YELLOW": [
    "Gloss paint yellow",
    "Gloss paint yellow",
    "Gloss paint white",
    "Aluminium",
    "Chrome",
    "Inox",
    "Granite black",
    "Granite grey",
    "Glass",
    "Glass dark opaque",
    "Plastic black",
    "Hood filter",
    "powder-coated paint "
  ]
}