{"archipack_material": {"category": "wall2", "material": "DEFAULT"}, "archipack_wall2": {"base_line": 0, "draw_direction": "CCW", "extremes": [0.0, 0.0, 0.0, 0.0, 0.0, 0.0], "finish": [], "finish2": [], "finish2_id": [0, 0, 0, 0], "finish_enable": true, "finish_id": [0, 0, 0, 0], "finish_inside_auto": false, "finish_outside_auto": false, "fit_roof": false, "idmat": [0, 0, 2, 2, 0, 0], "name": "", "offset": 0.0, "snap_wall_end": true, "snap_wall_start": true, "step_angle": 0.10471975803375244, "user_defined_adaptive": false, "user_defined_angle": 0.13962633907794952, "user_defined_deviation": 0.20000000298023224, "width": 0.3499999940395355, "z": 3.0, "z_offset": 0.10000000149011612}}
