{"archipack_hole": {"altitude": 0.0, "angle_y": 0.0, "auto_mat": true, "bend": [], "curve_steps": 64, "elipsis_b": 0.5, "finishing_int": 0.0, "finishing_out": 0.0, "hole_margin": 0.009999999776482582, "hole_shape": "RECTANGLE", "mat_finish_inside": 0, "mat_finish_outside": 0, "mat_hole_inside": 0, "mat_hole_outside": 1, "offset": 0.0, "portal": false, "portal_energy": 0.30000001192092896, "radius": 2.5, "x": 2.0, "z": 2.0, "z_offset": 0.10000000149011612}, "archipack_material": {"category": "hole", "material": "DEFAULT"}}