{"archipack_floor": {"add_grout": true, "bevel": true, "bevel_amount": 0.001500000013038516, "board_length": 2.0, "board_width": 0.20000000298023224, "boards_in_group": 5, "idmat": [0, 1, 2, 3, 4, 5, 6, 7], "length_spacing": 0.0020000000949949026, "length_variance": 50.0, "max_boards": 20, "mortar_depth": 0.001500000013038516, "offset": 0.0, "offset_variance": 50.0, "pattern": "stepping_stone", "random_offset": false, "rotation": 0.0, "short_board_length": 0.15000000596046448, "solidify": true, "spacing": 0.004999999888241291, "thickness_variance": 25.0, "tile_length": 0.30000001192092896, "tile_width": 0.30000001192092896, "vary_length": false, "vary_thickness": false, "vary_width": false, "width_spacing": 0.0020000000949949026, "width_variance": 50.0, "x_offset": 0.0}, "archipack_material": {"category": "floor", "material": "RANDOM GREY TILES", "name": ""}}