{"archipack_ceiling": {"add_grout": false, "altitude": 1.1200000047683716, "bevel": false, "bevel_amount": 0.0010000000474974513, "board_length": 2.0, "board_width": 0.20000000298023224, "boards_in_group": 4, "idmat": [0, 1, 2, 3, 4, 5, 6, 7], "length_spacing": 0.0020000000949949026, "length_variance": 50.0, "max_boards": 100, "mortar_depth": 0.06599999964237213, "normalize_uvs": false, "offset": 0.0, "offset_variance": 50.0, "offset_x": 0.0, "offset_y": 0.0, "pattern": "boards", "random_offset": false, "rotation": 0.0, "short_board_length": 2.0, "solidify": true, "spacing": 0.004999999888241291, "thickness_variance": 25.0, "tile_length": 0.30000001192092896, "tile_width": 0.20000000298023224, "use_fast_boolean": false, "user_defined_adaptive": false, "user_defined_angle": 0.13962633907794952, "user_defined_deviation": 0.20000000298023224, "user_defined_pattern": "", "vary_length": false, "vary_thickness": false, "vary_width": false, "width_spacing": 0.0020000000949949026, "width_variance": 50.0, "x_offset": 0.0}, "archipack_material": {"category": "ceiling_from_wall", "material": "DEFAULT"}}